canonical_id,canonical_name,category,mapped_cpse_codes
C001,Hex Head Bolt M12x50 SS304,Fasteners,ONGC:ONGC-MM-00001 | NTPC:NTPC/MAT/000001 | SAIL:SAIL.STK.000001 | CIL:CIL-INV-00001
C002,Hex Nut M12 SS304,Fasteners,ONGC:ONGC-MM-00002 | NTPC:NTPC/MAT/000002 | SAIL:SAIL.STK.000002 | CIL:CIL-INV-00002
C003,Flat Washer M12 SS304,Fasteners,ONGC:ONGC-MM-00003 | NTPC:NTPC/MAT/000003 | SAIL:SAIL.STK.000003 | CIL:CIL-INV-00003
C004,Hex Head Bolt M16x60 MS,Fasteners,ONGC:ONGC-MM-00004 | NTPC:NTPC/MAT/000004 | SAIL:SAIL.STK.000004 | CIL:CIL-INV-00004
C005,Gate Valve 4 inch Cast Iron,Valves,ONGC:ONGC-MM-00005 | NTPC:NTPC/MAT/000005 | SAIL:SAIL.STK.000005 | CIL:CIL-INV-00005
C006,Ball Valve 2 inch SS316,Valves,ONGC:ONGC-MM-00006 | NTPC:NTPC/MAT/000006 | SAIL:SAIL.STK.000006 | CIL:CIL-INV-00006
C007,Gate Valve 6 inch Cast Steel,Valves,ONGC:ONGC-MM-00007 | NTPC:NTPC/MAT/000007 | SAIL:SAIL.STK.000007 (SPEC_MISMATCH_TRAP) | CIL:CIL-INV-00007 (SPEC_MISMATCH_TRAP)
C008,Seamless Steel Pipe 100mm NB,Pipes,ONGC:ONGC-MM-00008 | NTPC:NTPC/MAT/000008 | SAIL:SAIL.STK.000008 | CIL:CIL-INV-00008
C009,Seamless Steel Pipe 150mm NB,Pipes,ONGC:ONGC-MM-00009 | NTPC:NTPC/MAT/000009 | SAIL:SAIL.STK.000009 (SPEC_MISMATCH_TRAP) | CIL:CIL-INV-00009 (SPEC_MISMATCH_TRAP)
C010,HDPE Pipe 63mm,Pipes,ONGC:ONGC-MM-00010 | NTPC:NTPC/MAT/000010 | SAIL:SAIL.STK.000010 | CIL:CIL-INV-00010
C011,XLPE Power Cable 3Cx95sqmm,Cables,ONGC:ONGC-MM-00011 | NTPC:NTPC/MAT/000011 | SAIL:SAIL.STK.000011 | CIL:CIL-INV-00011
C012,Control Cable 4Cx2.5sqmm,Cables,ONGC:ONGC-MM-00012 | NTPC:NTPC/MAT/000012 | SAIL:SAIL.STK.000012 | CIL:CIL-INV-00012
C013,Deep Groove Ball Bearing 6205,Bearings,ONGC:ONGC-MM-00013 | NTPC:NTPC/MAT/000013 | SAIL:SAIL.STK.000013 | CIL:CIL-INV-00013
C014,Spherical Roller Bearing 22218,Bearings,ONGC:ONGC-MM-00014 | NTPC:NTPC/MAT/000014 | SAIL:SAIL.STK.000014 | CIL:CIL-INV-00014
C015,Spiral Wound Gasket 4 inch,Gaskets,ONGC:ONGC-MM-00015 | NTPC:NTPC/MAT/000015 | SAIL:SAIL.STK.000015 | CIL:CIL-INV-00015
C016,Rubber Gasket 2 inch,Gaskets,ONGC:ONGC-MM-00016 | NTPC:NTPC/MAT/000016 | SAIL:SAIL.STK.000016 | CIL:CIL-INV-00016
C017,Centrifugal Pump 50x32-160,Pumps,ONGC:ONGC-MM-00017 | NTPC:NTPC/MAT/000017 | SAIL:SAIL.STK.000017 | CIL:CIL-INV-00017
C018,Induction Motor 15kW 4-Pole,Motors,ONGC:ONGC-MM-00018 | NTPC:NTPC/MAT/000018 | SAIL:SAIL.STK.000018 | CIL:CIL-INV-00018
